ID,Name (Nama Hidangan),Category (Kategori),Price (Harga RM),Stock Count (Stok),Available (Tersedia),Description (Penerangan),Image URL,Barcode,Created At,Updated At
"86c3e2fc-86a0-4a18-85cb-2d26c5f864ba","Nasi Ikan Talapia","Fish","15.00","Unlimited","No","","https://arleta.site/interactivelink/1709/01-nasi-ikan-talapia.webp","","2026-09-04T08:02:06.798285+00:00",""
"67685108-c70a-4ea2-97bc-f46d51347b57","Chicken Popcorn","Chicken","10.00","Unlimited","No","","https://arleta.site/interactivelink/1709/02-chicken-popcorn.webp","","2026-09-04T08:02:06.798285+00:00",""
"99cffa93-f4f9-47d9-b576-7921ac365b69","Nasi Ayam Paha","Chicken","8.00","Unlimited","No","","https://arleta.site/interactivelink/1709/03-nasi-ayam-paha.webp","","2026-09-04T08:02:06.798285+00:00",""
"e209c572-6d9e-4077-857f-8d43eb805df7","Nasi Ayam Butter","Chicken","12.00","Unlimited","No","","https://arleta.site/interactivelink/1709/04-nasi-ayam-butter.webp","","2026-09-04T08:02:06.798285+00:00",""
"5fb5dc1e-c812-4a8d-9572-31964a5f4d25","Nasi Set Udang","Food","15.00","Unlimited","No","","https://arleta.site/interactivelink/1709/05-nasi-set-udang.webp","","2026-09-04T08:02:06.798285+00:00",""
"3f168be6-19b6-4987-86bd-d3737e59a8ad","Nasi Ikan Boulu","Fish","15.00","Unlimited","No","","https://i.postimg.cc/mkMDhhMn/IMG-20260525-WA0007.jpg","","2026-09-04T08:02:06.798285+00:00",""
"2c185a35-2053-43de-8b5d-b1f4d3fa4cd0","Chicken Katsu","Chicken","12.00","Unlimited","No","","https://arleta.site/interactivelink/1709/07-chicken-katsu.webp","","2026-09-04T08:02:06.798285+00:00",""
"63b6963b-f810-4915-8c4c-f2aeecaf3f7c","Nasi Chicken Chop","Chicken","12.00","Unlimited","No","","https://arleta.site/interactivelink/1709/08-nasi-chicken-chop.webp","","2026-09-04T08:02:06.798285+00:00",""
"8b540371-9c52-431d-8b89-a490d7da592e","Nasi Honey Chicken","Chicken","10.00","Unlimited","No","","https://arleta.site/interactivelink/1709/09-nasi-honey-chicken.webp","","2026-09-04T08:02:06.798285+00:00",""
"e070dde8-5d10-4fdd-aa8c-161a778e9bd7","Set Ayam Geprek","Chicken","15.00","Unlimited","No","","https://arleta.site/interactivelink/1709/10-set-ayam-geprek.webp","","2026-09-04T08:02:06.798285+00:00",""
"402f8806-44e7-4f97-aeaa-009510afa50f","Nasi Ayam Penyet","Chicken","14.00","Unlimited","No","","https://arleta.site/interactivelink/1709/11-nasi-ayam-penyet.webp","","2026-09-04T08:02:06.798285+00:00",""
"2b753e7a-cfa8-4a9f-827d-6c5d224039c4","Nasi Orange Chicken","Chicken","10.00","Unlimited","No","","https://arleta.site/interactivelink/1709/12-nasi-orange-chicken.webp","","2026-09-04T08:02:06.798285+00:00",""
"73401ef8-7d69-4418-aba6-1983c37228be","Nasi Udang Butter","Food","15.00","Unlimited","No","","https://arleta.site/interactivelink/1709/13-nasi-udang-butter.webp","","2026-09-04T08:02:06.798285+00:00",""
"c3e9aedc-052a-4b27-bf47-fc10604b07c9","Set Nasi SIAKAP","Fish","20.00","Unlimited","No","","https://i.postimg.cc/ZRFwrmM4/IMG-20260525-WA0006.jpg","","2026-09-04T08:02:06.798285+00:00",""
"98ce946c-1ce4-43c8-b7a6-250cb5a5a8fa","Set Nasi Dorry Fillet","Fish","12.00","Unlimited","No","","https://i.postimg.cc/k4npYD8M/IMG-20260525-WA0004.jpg","","2026-09-04T08:02:06.798285+00:00",""
"8d9c33d1-6f9a-4b2f-8887-ac6f2f4f1710","Set LENGKUNIS","Fish","15.00","Unlimited","No","","https://i.postimg.cc/SssGz9CN/IMG-20260525-WA0009.jpg","","2026-09-04T08:02:06.798285+00:00",""
"9ef9c6cb-be6a-423f-a94b-080406e982e5","Nasi Lelapan Ayam","Chicken","12.00","Unlimited","No","","https://i.postimg.cc/cJJDfPN6/IMG-20260525-WA0008.jpg","","2026-09-04T08:02:06.798285+00:00",""
"045a606a-e5e2-4430-bf94-581dbff84211","Whole Spring Fried Chicken","Today Special","25.00","Unlimited","No","","https://i.postimg.cc/XNsFYBTV/IMG-20260525-204900-579.jpg","","2026-09-04T08:02:06.798285+00:00",""
"1dfcbeac-fdd4-4563-af96-37c53ec5d3bb","set siakap+sayur rebus","Fish","15.00","Unlimited","No","","","","2026-09-04T08:02:06.798285+00:00",""
"60f0170d-e322-45ba-b7c1-6299e9b4f74a","Sweet N Sour Isi Ikan Titir","Fish","12.00","Unlimited","No","","https://i.postimg.cc/5NPxvh9w/IMG-20260530-161301-461.jpg","","2026-09-04T08:02:06.798285+00:00",""
"42f7d54a-ad9a-43df-b65c-4f4a9db1ccbc","Sweet N Sour Ayam","Chicken","12.00","Unlimited","No","","","","2026-09-04T08:02:06.798285+00:00",""
"9b009803-0c4f-423b-b9a0-abf37dc2bc4e","BLACK PEPPER AYAM","Chicken","12.00","Unlimited","No","","","","2026-09-04T08:02:06.798285+00:00",""
"1bede08d-7f72-48e9-8d5b-1e3649d745c7","BASUNGAN IKAN TAUSI(ori)","Fish","15.00","Unlimited","No","","https://i.postimg.cc/SNMgDVQq/IMG-20260610-090407-116.jpg","","2026-09-04T08:02:06.798285+00:00",""
"63fdfca3-b7d7-4e78-8774-22a65c43bc61","Lada Kasturi","New","10.00","Unlimited","No","","https://i.postimg.cc/Lsysh6Bc/IMG-20260611-100245-948.jpg","","2026-09-04T08:02:06.798285+00:00",""
"d3c2ac18-27a8-482d-bff8-e07d4cc4272e","Set Ikan tuna","Fish","15.00","Unlimited","No","","","","2026-09-04T08:02:06.798285+00:00",""
"f094930d-f512-464f-bc52-6c5200c06fe1","Set Isi Ikan Titir","Fish","15.00","Unlimited","No","","","","2026-09-04T08:02:06.798285+00:00",""
"9791c701-54e0-4e84-b22c-7ff61d2399ee","Set Talapia Merah","Fish","17.00","Unlimited","No","","https://i.postimg.cc/Z5pV3LHZ/IMG-20260612-152003-973.jpg","","2026-09-04T08:02:06.798285+00:00",""
"f1b0fa5a-5dfc-4096-a0ce-fcfbaed63dd7","basung kerbau","Fish","15.00","Unlimited","No","","","","2026-09-04T08:02:06.798285+00:00",""
"c6e09faf-d146-4066-8757-3d8208949d51","SET SIAKAP 1KG","Today Special","35.00","Unlimited","No","","https://i.postimg.cc/bN8PPdk6/IMG-20260614-112452-326.jpg","","2026-09-04T08:02:06.798285+00:00",""
"34a67e24-ef61-4158-a944-bdc8d3c11009","Set Sotong + Chic pop","New","15.00","Unlimited","No","","https://i.postimg.cc/d0fPqFgc/IMG-20260616-103734-236.jpg","","2026-09-04T08:02:06.798285+00:00",""
"0d925ac6-7426-4520-8a13-8d56869e9d6b","Nasi Sotong Ring","New","13.00","Unlimited","No","","https://i.postimg.cc/nrCBVQDP/IMG-20260626-093410-790.jpg","","2026-09-04T08:02:06.798285+00:00",""
"b75bbdb1-8ec4-48bf-b406-741641fcb175","Talapia kecil","Fish","12.00","Unlimited","No","","https://arleta.site/interactivelink/1709/01-nasi-ikan-talapia.webp","","2026-09-04T08:02:06.798285+00:00",""
"78a99482-3e17-40ae-a786-feef81d892e2","Nasi Sotong Ring Buttermilk","New","14.00","Unlimited","No","","https://i.postimg.cc/JnsKRJPK/IMG-20260623-093530-828.jpg","","2026-09-04T08:02:06.798285+00:00",""
"ed1b34cb-371c-4942-8855-5c66a18783b1","Set Sayur Cap Chai + Telur Mata  Isi ayam","Today Special","10.00","Unlimited","No","","https://i.postimg.cc/VNK1xyVt/IMG-20260623-093530-696.jpg","","2026-09-04T08:02:06.798285+00:00",""
"15b121e1-42d7-4688-9b36-96a1f41bebb7","Sambal Kelate","New","10.00","Unlimited","No","","https://i.postimg.cc/1z2VyLfV/IMG-20260625-104336-978.jpg","","2026-09-04T08:02:06.798285+00:00",""
"eaec427d-e607-41cf-b375-5b6801f62f52","Set Ikan Goreng Titir Dabu²","Today Special","15.00","Unlimited","No","","https://i.postimg.cc/j58mPw1n/IMG-20260603-221608-840.jpg","","2026-09-04T08:02:06.798285+00:00",""
"537ee1ca-043f-46a8-a49c-a06836c2076d","set nasi Talapia fillet","Fish","15.00","Unlimited","No","","","","2026-09-04T08:02:06.798285+00:00",""
"8a6bf64a-0992-4bde-93aa-417fbcb5ff75","TELUR DADAR ISI AYAM","New","10.00","Unlimited","No","","","","2026-09-04T08:02:06.798285+00:00",""
"25654a13-2a7b-4616-ab5f-60e839db7a83","lada tuhau kecil","New","10.00","Unlimited","No","","","","2026-09-04T08:02:06.798285+00:00",""
"2a1e896b-3f0d-45a6-895c-3fa1d7a1ead4","Lada tuhau besar","New","12.00","Unlimited","No","","","","2026-09-04T08:02:06.798285+00:00",""
"209bf7d4-5a2b-49ab-a340-181c23684fb1","Lemon Chicken","Food","12.00","Unlimited","No","","","","2026-09-04T08:02:06.798285+00:00",""
"90f1f957-5e59-4de3-917c-32c65cc2098f","Nasi Ikan Bulu","Fish","15.00","Unlimited","No","","https://arleta.site/interactivelink/1709/06-nasi-ikan-bulu.webp","","2026-09-04T08:02:06.798285+00:00",""
"5c8693b8-9e5b-4c6f-a0c6-bffc3f258e71","NASI KAK WOK","New","12.00","Unlimited","No","","","","2026-09-04T08:02:06.798285+00:00",""
"faac6f2c-732e-4548-ba59-260ff71f1d49","Ayam Gepuk","Chicken","14.00","Unlimited","No","","https://i.postimg.cc/4NDNwXDR/IMG-20260525-211356-393.jpg","","2026-09-04T08:02:06.798285+00:00",""
"61cfd985-4861-4bcf-a683-5b75c8153312","PACKAGING","Food","1.00","Unlimited","No","","","","2026-09-04T08:02:06.798285+00:00",""
"ddcf6a5e-109d-47b3-9c53-e2d5b48c225d","PACKAGING KECIL","Food","0.50","Unlimited","No","","","","2026-09-04T08:02:06.798285+00:00",""
"618f4fd6-2636-4806-9650-5ad699017eee","SET SALMON SARDIN","Food","15.00","Unlimited","No","","","","2026-09-04T08:02:06.798285+00:00",""
"1012cc55-dc7e-4341-bfcf-7e0297a7cafe","SET MIX UDANG & SOTONG (BUTTERMILK)","Food","15.00","Unlimited","No","","","","2026-09-04T08:02:06.798285+00:00",""
"f3d37047-ee2c-4db6-a8e7-12cac6e89ab9","black paper ikan tator","Fish","12.00","Unlimited","No","","https://i.postimg.cc/nzQswHrx/IMG-20260530-161301-004.jpg","","2026-09-04T08:02:06.798285+00:00",""
"70f35d00-d035-45da-93a7-a92da6c878ac","Ayam Sahaja","Add-ons / Sampingan","6.00","Unlimited","No","","","","2026-09-04T08:02:06.798285+00:00",""
"51a03e4a-7664-4879-b5f8-51b849acff61","Geprek Sahaja","Add-ons / Sampingan","13.00","Unlimited","No","","","","2026-09-04T08:02:06.798285+00:00",""
"d3a7f2b6-199c-4bfe-a1f4-1321cdb2896e","Telur Mata","Add-ons / Sampingan","2.00","Unlimited","No","","","","2026-09-04T08:02:06.798285+00:00",""
"adddefb5-082e-4bb2-a54f-456beaa9223d","Popcorn","Add-ons / Sampingan","5.00","Unlimited","No","","","","2026-09-04T08:02:06.798285+00:00",""
"e69ccca5-06cd-4087-ac37-6a0c792281a8","Timun Sahaja","Add-ons / Sampingan","5.00","Unlimited","No","","","","2026-09-04T08:02:06.798285+00:00",""
"946713a5-6c3d-49b9-b8d4-9fcb076d06e7","Paha Sahaja","Add-ons / Sampingan","6.00","Unlimited","No","","","","2026-09-04T08:02:06.798285+00:00",""
"94bb306e-0819-4769-b6ea-53a4316225b8","Penyet Sahaja","Add-ons / Sampingan","12.00","Unlimited","No","","","","2026-09-04T08:02:06.798285+00:00",""
"cacfdf8e-d3b1-40b9-9972-3260a1fbb7f4","Popcorn Sahaja","Add-ons / Sampingan","8.00","Unlimited","No","","","","2026-09-04T08:02:06.798285+00:00",""
"c2a04428-7b71-463b-8718-356ce41733a7","Talapia Sahaja","Add-ons / Sampingan","13.00","Unlimited","No","","","","2026-09-04T08:02:06.798285+00:00",""
"19c71334-b403-4fa0-ae26-7d3c1edc0e88","Boulu & nasi Sahaja","Add-ons / Sampingan","10.00","Unlimited","No","","","","2026-09-04T08:02:06.798285+00:00",""
"eca30c72-7b51-4bb8-9b9d-43be0dec509e","Nasi Kosong","Add-ons / Sampingan","2.00","Unlimited","No","","","","2026-09-04T08:02:06.798285+00:00",""
"59df1543-16bf-4e86-97b4-4a9e040d3cc8","Nenas","Add-ons / Sampingan","3.00","Unlimited","No","","","","2026-09-04T08:02:06.798285+00:00",""
"cd82975e-dfb3-497c-9b23-71d3abd40158","Telur Dadar","Add-ons / Sampingan","2.00","Unlimited","No","","","","2026-09-04T08:02:06.798285+00:00",""
"f1a82f73-8a99-409c-b6c5-2fa9bdd9f48a","TELUR DADAR KRIWIL","Add-ons / Sampingan","8.00","Unlimited","No","","","","2026-09-04T08:02:06.798285+00:00",""
"160fda80-ff0f-40fd-87ec-499195e3cd0a","UDANG TIADA NASI","Add-ons / Sampingan","13.00","Unlimited","No","","","","2026-09-04T08:02:06.798285+00:00",""
"5df0da92-5396-413a-9695-b7fa4b32e2a3","ayam penyet double","Add-ons / Sampingan","20.00","Unlimited","No","","","","2026-09-04T08:02:06.798285+00:00",""
"6e913a7a-cd97-413f-8f86-cc6973986bf7","Telur Mata (Fried Egg)","Add-ons / Sampingan","1.50","Unlimited","No","","","","2026-09-04T08:02:06.798285+00:00",""
"146f1e77-a540-4305-9d21-2264cc13d847","Extra Sambal Special","Add-ons / Sampingan","1.00","Unlimited","No","","","","2026-09-04T08:02:06.798285+00:00",""
"f4d1c528-6260-412e-8dab-aeb85cc89ef3","Extra Nasi (Extra Rice)","Add-ons / Sampingan","1.50","Unlimited","No","","","","2026-09-04T08:02:06.798285+00:00",""
"60ba30ea-c26c-4815-a950-89cb74809ee3","Melted Cheese Slice","Add-ons / Sampingan","2.00","Unlimited","No","","","","2026-09-04T08:02:06.798285+00:00",""
"f9435475-b307-4890-9053-2037591231bf","Extra Soup Bowl","Add-ons / Sampingan","1.00","Unlimited","No","","","","2026-09-04T08:02:06.798285+00:00",""
"a7392604-21d5-416a-80d5-44f0db37c5b5","Kepingan Keju (Cheese)","Add-ons / Sampingan","2.00","Unlimited","No","","https://ilvbuhinmasmdsjcxfbn.supabase.co/storage/v1/object/public/menu-items/addon_ompazjwk6t.jpg","","2026-09-04T08:02:06.798285+00:00",""